{"cameraMode":{"drawMode":0,"name":"Shaded","section":"Shading Mode"},"sceneLighting":true,"audioPlay":false,"sceneViewState":{"showFog":true,"showMaterialUpdate":false,"showSkybox":true,"showFlares":true,"showImageEffects":true,"showParticleSystems":true},"in2DMode":false,"pivot":{"x":0.5762378573417664,"y":-2.641002893447876,"z":4.8114399909973148},"rotation":{"x":-0.13337558507919312,"y":0.022889338433742524,"z":-0.003079673508182168,"w":-0.9908002614974976},"size":29.75433349609375,"orthographic":false}